eva_id,member_id,has_come
1,12,1
1,13,1
1,3,0
1,5,1
1,4,0
1,14,1
2,12,1
2,13,1
2,3,0
2,5,1
2,4,1
2,14,1
3,12,0
3,13,1
3,3,1
3,5,0
3,4,0
3,14,0
4,12,0
4,13,0
4,3,0
4,5,1
4,4,0
4,14,0
5,12,0
5,13,1
5,3,1
5,5,0
5,4,1
5,14,1
6,12,0
6,13,0
6,3,1
6,5,0
6,4,1
6,14,0
7,12,1
7,13,1
7,3,1
7,5,1
7,4,1
7,14,0
8,12,1
8,13,0
8,3,0
8,5,0
8,4,1
8,14,1
9,12,0
9,13,0
9,3,1
9,5,0
9,4,1
9,14,0
10,12,1
10,13,1
10,3,1
10,5,0
10,4,1
10,14,0
11,12,1
11,13,0
11,3,0
11,5,1
11,4,0
11,14,0
12,12,1
12,13,1
12,3,1
12,5,0
12,4,0
12,14,1
13,12,0
13,13,1
13,3,1
13,5,0
13,4,0
13,14,1
14,12,1
14,13,1
14,3,0
14,5,0
14,4,0
14,14,0
15,12,1
15,13,1
15,3,0
15,5,0
15,4,1
15,14,0
16,12,0
16,13,0
16,3,0
16,5,1
16,4,0
16,14,0
17,12,0
17,13,0
17,3,0
17,5,0
17,4,0
17,14,1
18,12,0
18,13,0
18,3,1
18,5,0
18,4,1
18,14,0
19,12,0
19,13,1
19,3,0
19,5,1
19,4,0
19,14,0
20,12,1
20,13,0
20,3,0
20,5,0
20,4,1
20,14,0
21,12,0
21,13,1
21,3,1
21,5,1
21,4,1
21,14,0
22,12,0
22,13,0
22,3,1
22,5,0
22,4,1
22,14,0
23,12,0
23,13,1
23,3,0
23,5,1
23,4,0
23,14,0
24,12,0
24,13,1
24,3,1
24,5,1
24,4,1
24,14,1
25,12,1
25,13,1
25,3,0
25,5,0
25,4,0
25,14,0
26,12,0
26,13,0
26,3,0
26,5,0
26,4,1
26,14,0
27,12,1
27,13,0
27,3,0
27,5,1
27,4,1
27,14,1
28,12,0
28,13,0
28,3,1
28,5,0
28,4,0
28,14,0
29,12,1
29,13,0
29,3,0
29,5,1
29,4,0
29,14,0
30,12,1
30,13,1
30,3,1
30,5,0
30,4,0
30,14,0
31,12,0
31,15,0
31,3,1
31,9,1
31,6,0
31,4,0
32,12,0
32,15,0
32,3,0
32,9,1
32,6,1
32,4,0
33,12,0
33,15,0
33,3,1
33,9,1
33,6,1
33,4,0
34,12,0
34,15,0
34,3,1
34,9,1
34,6,0
34,4,0
35,12,1
35,15,0
35,3,1
35,9,0
35,6,0
35,4,0
36,12,0
36,15,0
36,3,1
36,9,1
36,6,1
36,4,0
37,12,0
37,15,0
37,3,0
37,9,0
37,6,1
37,4,0
38,12,1
38,15,1
38,3,1
38,9,1
38,6,0
38,4,0
39,12,1
39,15,0
39,3,1
39,9,0
39,6,0
39,4,0
40,12,0
40,15,0
40,3,1
40,9,1
40,6,1
40,4,1
41,12,1
41,15,1
41,3,0
41,9,1
41,6,0
41,4,1
42,12,0
42,15,0
42,3,0
42,9,1
42,6,1
42,4,0
43,12,0
43,15,1
43,3,0
43,9,0
43,6,1
43,4,1
44,12,0
44,15,0
44,3,1
44,9,0
44,6,1
44,4,0
45,12,1
45,15,0
45,3,1
45,9,0
45,6,1
45,4,1
46,12,1
46,15,1
46,3,0
46,9,0
46,6,0
46,4,1
47,12,0
47,15,1
47,3,1
47,9,1
47,6,1
47,4,1
48,12,1
48,15,1
48,3,1
48,9,0
48,6,0
48,4,0
49,1,0
49,9,1
49,6,0
49,15,0
49,5,0
49,10,1
50,1,1
50,9,1
50,6,1
50,15,1
50,5,0
50,10,1
51,1,0
51,9,1
51,6,0
51,15,0
51,5,0
51,10,0
52,1,0
52,9,1
52,6,0
52,15,0
52,5,1
52,10,0
53,1,0
53,9,1
53,6,0
53,15,0
53,5,0
53,10,0
54,1,1
54,9,1
54,6,0
54,15,0
54,5,1
54,10,0
55,1,1
55,9,1
55,6,0
55,15,0
55,5,1
55,10,0
56,1,0
56,9,0
56,6,1
56,15,1
56,5,1
56,10,1
57,1,0
57,9,0
57,6,0
57,15,1
57,5,1
57,10,1
58,1,1
58,9,1
58,6,0
58,15,0
58,5,1
58,10,1
59,1,1
59,9,0
59,6,1
59,15,0
59,5,1
59,10,1
60,1,1
60,9,0
60,6,1
60,15,0
60,5,1
60,10,1
61,1,0
61,9,1
61,6,0
61,15,0
61,5,0
61,10,0
62,1,0
62,9,1
62,6,0
62,15,1
62,5,0
62,10,0
63,4,0
63,1,0
63,6,1
63,10,1
63,15,1
64,4,1
64,1,0
64,6,1
64,10,0
64,15,0
65,4,1
65,1,0
65,6,1
65,10,0
65,15,0
66,4,0
66,1,0
66,6,0
66,10,1
66,15,1
67,4,0
67,1,0
67,6,0
67,10,1
67,15,0
68,4,1
68,1,1
68,6,0
68,10,0
68,15,1
69,4,0
69,1,1
69,6,0
69,10,0
69,15,1
70,4,0
70,1,0
70,6,0
70,10,1
70,15,0
71,4,0
71,1,1
71,6,1
71,10,0
71,15,0
72,4,0
72,1,0
72,6,0
72,10,1
72,15,0
73,4,0
73,1,0
73,6,1
73,10,1
73,15,0
74,4,1
74,1,1
74,6,1
74,10,0
74,15,0
75,4,0
75,1,0
75,6,1
75,10,0
75,15,1
76,4,1
76,1,0
76,6,1
76,10,0
76,15,1
77,4,1
77,1,0
77,6,1
77,10,1
77,15,1
78,4,1
78,1,1
78,6,0
78,10,1
78,15,1
79,4,0
79,1,0
79,6,0
79,10,0
79,15,1
80,4,1
80,1,1
80,6,0
80,10,1
80,15,1
81,4,0
81,1,0
81,6,0
81,10,0
81,15,0
82,4,1
82,1,1
82,6,0
82,10,1
82,15,1
83,4,1
83,1,0
83,6,0
83,10,0
83,15,1
84,4,0
84,1,1
84,6,1
84,10,0
84,15,0
85,4,0
85,1,0
85,6,0
85,10,1
85,15,1
86,4,1
86,1,1
86,6,0
86,10,1
86,15,1
87,8,0
87,2,0
87,4,0
87,12,1
87,11,0
88,8,0
88,2,0
88,4,0
88,12,1
88,11,1
89,8,0
89,2,1
89,4,0
89,12,0
89,11,1
90,8,0
90,2,0
90,4,0
90,12,0
90,11,1
91,8,1
91,2,0
91,4,1
91,12,0
91,11,1
92,8,1
92,2,0
92,4,1
92,12,0
92,11,1
93,8,1
93,2,0
93,4,0
93,12,0
93,11,1
94,8,1
94,2,0
94,4,0
94,12,1
94,11,1
95,8,1
95,2,0
95,4,1
95,12,0
95,11,0
96,8,1
96,2,1
96,4,1
96,12,0
96,11,1
97,8,1
97,2,0
97,4,1
97,12,1
97,11,0
98,4,0
98,2,1
98,3,1
98,14,1
98,5,1
98,7,0
99,4,1
99,2,1
99,3,0
99,14,0
99,5,0
99,7,1
100,4,1
100,2,0
100,3,0
100,14,1
100,5,1
100,7,1
101,4,1
101,2,0
101,3,0
101,14,1
101,5,0
101,7,0
102,4,1
102,2,1
102,3,0
102,14,1
102,5,1
102,7,0
103,4,1
103,2,1
103,3,0
103,14,0
103,5,0
103,7,1
104,4,1
104,2,0
104,3,1
104,14,0
104,5,1
104,7,1
105,4,0
105,2,1
105,3,1
105,14,0
105,5,0
105,7,1
106,4,1
106,2,0
106,3,1
106,14,0
106,5,1
106,7,1
107,4,0
107,2,1
107,3,1
107,14,0
107,5,0
107,7,0
108,4,1
108,2,0
108,3,1
108,14,1
108,5,0
108,7,1
109,4,0
109,2,1
109,3,1
109,14,0
109,5,0
109,7,0
110,4,1
110,2,1
110,3,0
110,14,0
110,5,0
110,7,1
111,4,1
111,2,0
111,3,0
111,14,0
111,5,1
111,7,0
112,4,1
112,2,0
112,3,0
112,14,1
112,5,1
112,7,0
113,4,1
113,2,1
113,3,0
113,14,1
113,5,1
113,7,0
114,4,0
114,13,1
114,1,0
114,11,1
114,12,0
114,6,1
115,4,1
115,13,1
115,1,0
115,11,1
115,12,1
115,6,1
116,4,1
116,13,0
116,1,0
116,11,1
116,12,1
116,6,1
117,4,0
117,13,0
117,1,1
117,11,0
117,12,1
117,6,1
118,4,0
118,13,0
118,1,1
118,11,1
118,12,0
118,6,1
119,4,0
119,13,1
119,1,1
119,11,0
119,12,1
119,6,1
120,4,0
120,13,1
120,1,1
120,11,1
120,12,1
120,6,0
121,4,0
121,13,1
121,1,0
121,11,0
121,12,0
121,6,0
122,4,0
122,13,1
122,1,0
122,11,1
122,12,1
122,6,1
123,4,0
123,13,0
123,1,0
123,11,0
123,12,0
123,6,1
124,4,0
124,13,0
124,1,0
124,11,1
124,12,0
124,6,1
125,4,1
125,13,1
125,1,1
125,11,1
125,12,1
125,6,1
126,4,0
126,13,1
126,1,1
126,11,1
126,12,1
126,6,1
127,4,0
127,13,1
127,1,1
127,11,0
127,12,0
127,6,0
128,4,0
128,13,1
128,1,0
128,11,0
128,12,1
128,6,0
129,4,0
129,13,0
129,1,1
129,11,1
129,12,0
129,6,1
130,4,0
130,13,1
130,1,1
130,11,0
130,12,0
130,6,0
131,4,0
131,13,1
131,1,1
131,11,0
131,12,0
131,6,0
132,4,1
132,13,0
132,1,0
132,11,1
132,12,1
132,6,1
133,4,0
133,13,0
133,1,0
133,11,1
133,12,1
133,6,1
134,4,1
134,13,1
134,1,0
134,11,1
134,12,0
134,6,1
135,4,0
135,13,1
135,1,1
135,11,0
135,12,1
135,6,0
136,4,0
136,13,1
136,1,1
136,11,0
136,12,0
136,6,0
137,2,0
137,1,0
137,4,0
137,13,1
137,12,0
137,8,1
138,2,1
138,1,0
138,4,0
138,13,0
138,12,1
138,8,0
139,2,1
139,1,0
139,4,1
139,13,1
139,12,0
139,8,0
140,2,0
140,1,0
140,4,1
140,13,1
140,12,0
140,8,0
141,2,1
141,1,0
141,4,0
141,13,1
141,12,1
141,8,1
142,2,1
142,1,1
142,4,0
142,13,0
142,12,0
142,8,0
143,2,1
143,1,0
143,4,1
143,13,1
143,12,1
143,8,0
144,2,0
144,1,1
144,4,0
144,13,1
144,12,1
144,8,0
145,2,1
145,1,0
145,4,1
145,13,1
145,12,1
145,8,0
146,2,1
146,1,1
146,4,1
146,13,1
146,12,1
146,8,1
147,2,1
147,1,0
147,4,0
147,13,0
147,12,0
147,8,0
148,2,1
148,1,0
148,4,1
148,13,0
148,12,0
148,8,0
149,2,1
149,1,1
149,4,1
149,13,0
149,12,0
149,8,1
150,2,0
150,1,0
150,4,1
150,13,1
150,12,1
150,8,1
151,2,1
151,1,0
151,4,1
151,13,0
151,12,0
151,8,1
152,12,0
152,9,0
152,4,1
152,10,1
152,8,1
153,12,0
153,9,0
153,4,0
153,10,1
153,8,1
154,12,1
154,9,1
154,4,1
154,10,1
154,8,1
155,12,1
155,9,0
155,4,0
155,10,1
155,8,1
156,12,1
156,9,1
156,4,1
156,10,1
156,8,1
157,12,0
157,9,1
157,4,1
157,10,0
157,8,0
158,12,1
158,9,0
158,4,0
158,10,0
158,8,1
159,12,0
159,9,0
159,4,0
159,10,1
159,8,0
160,12,1
160,9,1
160,4,1
160,10,0
160,8,1
161,12,0
161,9,0
161,4,1
161,10,1
161,8,0
162,12,0
162,9,0
162,4,0
162,10,1
162,8,1
163,12,0
163,9,1
163,4,0
163,10,0
163,8,0
164,12,0
164,9,0
164,4,1
164,10,0
164,8,1
165,12,0
165,9,1
165,4,1
165,10,0
165,8,0
166,12,0
166,9,0
166,4,0
166,10,1
166,8,0
167,12,0
167,9,0
167,4,1
167,10,1
167,8,0
168,12,1
168,9,1
168,4,1
168,10,1
168,8,0
169,12,1
169,9,0
169,4,1
169,10,0
169,8,0
170,12,0
170,9,0
170,4,0
170,10,1
170,8,1
171,12,1
171,9,1
171,4,0
171,10,1
171,8,0
172,3,1
172,7,0
172,2,0
172,5,1
172,9,1
173,3,1
173,7,0
173,2,0
173,5,1
173,9,0
174,3,0
174,7,1
174,2,1
174,5,1
174,9,1
175,3,0
175,7,1
175,2,0
175,5,0
175,9,0
176,3,0
176,7,1
176,2,0
176,5,0
176,9,0
177,3,1
177,7,0
177,2,1
177,5,0
177,9,0
178,3,0
178,7,0
178,2,0
178,5,0
178,9,0
179,3,1
179,7,1
179,2,1
179,5,0
179,9,1
180,3,1
180,7,0
180,2,0
180,5,1
180,9,0
181,3,0
181,7,0
181,2,0
181,5,1
181,9,1
182,3,1
182,7,1
182,2,1
182,5,1
182,9,0
183,3,0
183,7,1
183,2,0
183,5,0
183,9,1
184,3,1
184,7,1
184,2,0
184,5,0
184,9,1
185,3,1
185,7,1
185,2,0
185,5,1
185,9,0
186,3,1
186,7,0
186,2,1
186,5,1
186,9,1
187,3,1
187,7,0
187,2,0
187,5,1
187,9,0
188,3,1
188,7,1
188,2,0
188,5,1
188,9,0
189,3,0
189,7,1
189,2,0
189,5,0
189,9,0
190,3,1
190,7,0
190,2,1
190,5,1
190,9,1
191,3,1
191,7,1
191,2,1
191,5,1
191,9,0
192,3,1
192,7,1
192,2,1
192,5,1
192,9,0
193,3,0
193,7,0
193,2,1
193,5,1
193,9,1
194,3,0
194,7,1
194,2,1
194,5,1
194,9,0
195,3,1
195,7,0
195,2,1
195,5,1
195,9,1
196,3,0
196,7,1
196,2,0
196,5,0
196,9,1
197,3,1
197,7,1
197,2,1
197,5,1
197,9,0
198,3,0
198,7,1
198,2,0
198,5,1
198,9,0
199,9,1
199,15,1
199,12,0
199,7,0
199,3,1
199,11,0
200,9,0
200,15,0
200,12,0
200,7,0
200,3,1
200,11,1
201,9,1
201,15,0
201,12,0
201,7,0
201,3,0
201,11,0
202,9,1
202,15,1
202,12,1
202,7,0
202,3,0
202,11,1
203,9,1
203,15,1
203,12,0
203,7,1
203,3,0
203,11,0
204,9,0
204,15,0
204,12,1
204,7,0
204,3,0
204,11,1
205,9,0
205,15,0
205,12,1
205,7,0
205,3,1
205,11,1
206,9,1
206,15,0
206,12,1
206,7,1
206,3,1
206,11,0
207,9,1
207,15,1
207,12,0
207,7,1
207,3,1
207,11,1
208,9,1
208,15,1
208,12,1
208,7,0
208,3,0
208,11,0
209,9,1
209,15,0
209,12,0
209,7,1
209,3,1
209,11,1
210,9,1
210,15,0
210,12,0
210,7,1
210,3,1
210,11,1
211,9,0
211,15,0
211,12,0
211,7,1
211,3,1
211,11,0
212,9,1
212,15,1
212,12,0
212,7,1
212,3,1
212,11,0
213,9,0
213,15,0
213,12,0
213,7,0
213,3,1
213,11,1
214,9,1
214,15,1
214,12,0
214,7,1
214,3,0
214,11,1
215,9,0
215,15,0
215,12,0
215,7,1
215,3,1
215,11,0
216,9,1
216,15,0
216,12,1
216,7,0
216,3,0
216,11,0
217,9,0
217,15,0
217,12,0
217,7,1
217,3,1
217,11,1
218,9,0
218,15,1
218,12,0
218,7,1
218,3,0
218,11,0
219,9,1
219,15,1
219,12,0
219,7,0
219,3,1
219,11,1
220,9,1
220,15,1
220,12,0
220,7,0
220,3,1
220,11,1
221,9,1
221,15,0
221,12,1
221,7,0
221,3,0
221,11,0
222,9,0
222,15,0
222,12,1
222,7,0
222,3,1
222,11,0
223,3,1
223,7,1
223,15,1
223,1,1
223,4,1
224,3,0
224,7,1
224,15,0
224,1,0
224,4,1
225,3,1
225,7,0
225,15,0
225,1,0
225,4,1
226,3,1
226,7,1
226,15,1
226,1,1
226,4,0
227,3,0
227,7,1
227,15,1
227,1,0
227,4,0
228,3,0
228,7,1
228,15,0
228,1,0
228,4,1
229,3,1
229,7,1
229,15,0
229,1,1
229,4,0
230,3,0
230,7,1
230,15,1
230,1,0
230,4,0
231,3,1
231,7,0
231,15,1
231,1,0
231,4,0
232,3,0
232,7,0
232,15,1
232,1,0
232,4,1
233,3,1
233,7,1
233,15,1
233,1,1
233,4,0
234,3,0
234,7,1
234,15,0
234,1,0
234,4,1
235,3,0
235,7,0
235,15,1
235,1,1
235,4,1
236,3,0
236,7,0
236,15,0
236,1,1
236,4,1
237,3,0
237,7,0
237,15,0
237,1,0
237,4,1
238,3,0
238,7,0
238,15,1
238,1,0
238,4,0
239,3,1
239,7,1
239,15,1
239,1,1
239,4,1
240,3,1
240,7,0
240,15,0
240,1,0
240,4,1
241,3,0
241,7,0
241,15,0
241,1,1
241,4,1
242,3,0
242,7,0
242,15,0
242,1,0
242,4,1
243,3,0
243,7,1
243,15,1
243,1,0
243,4,0
244,3,0
244,7,0
244,15,0
244,1,1
244,4,1
245,3,0
245,7,0
245,15,1
245,1,0
245,4,0
246,3,1
246,7,1
246,15,0
246,1,0
246,4,1
247,8,0
247,10,0
247,6,0
247,1,1
247,15,1
248,8,1
248,10,1
248,6,0
248,1,0
248,15,1
249,8,0
249,10,1
249,6,0
249,1,1
249,15,0
250,8,1
250,10,1
250,6,1
250,1,1
250,15,1
251,8,0
251,10,0
251,6,0
251,1,0
251,15,1
252,8,0
252,10,0
252,6,1
252,1,0
252,15,1
253,8,1
253,10,1
253,6,1
253,1,1
253,15,1
254,8,0
254,10,1
254,6,1
254,1,0
254,15,1
255,8,1
255,10,1
255,6,1
255,1,1
255,15,0
256,8,1
256,10,0
256,6,0
256,1,1
256,15,1
257,8,0
257,10,0
257,6,0
257,1,1
257,15,1
258,8,0
258,10,1
258,6,0
258,1,0
258,15,0
259,8,0
259,10,0
259,6,1
259,1,0
259,15,1
260,8,0
260,10,0
260,6,0
260,1,1
260,15,1
261,8,1
261,10,1
261,6,1
261,1,0
261,15,1
262,13,1
262,12,1
262,15,0
262,8,0
262,4,1
262,5,0
263,13,1
263,12,0
263,15,0
263,8,1
263,4,1
263,5,1
264,13,0
264,12,0
264,15,0
264,8,0
264,4,1
264,5,0
265,13,1
265,12,1
265,15,0
265,8,1
265,4,0
265,5,0
266,13,1
266,12,1
266,15,1
266,8,0
266,4,1
266,5,1
267,13,1
267,12,0
267,15,1
267,8,0
267,4,1
267,5,1
268,13,1
268,12,0
268,15,0
268,8,1
268,4,1
268,5,1
269,13,1
269,12,1
269,15,0
269,8,1
269,4,1
269,5,1
270,13,1
270,12,0
270,15,1
270,8,1
270,4,1
270,5,1
271,13,0
271,12,0
271,15,1
271,8,1
271,4,1
271,5,1
272,13,1
272,12,0
272,15,0
272,8,0
272,4,1
272,5,0
273,13,0
273,12,1
273,15,1
273,8,0
273,4,0
273,5,1
274,13,1
274,12,1
274,15,1
274,8,1
274,4,1
274,5,0
275,13,0
275,12,0
275,15,1
275,8,0
275,4,1
275,5,0
276,13,1
276,12,0
276,15,1
276,8,0
276,4,1
276,5,1
277,13,0
277,12,0
277,15,0
277,8,1
277,4,1
277,5,1
278,13,0
278,12,0
278,15,0
278,8,1
278,4,0
278,5,0
279,13,1
279,12,1
279,15,0
279,8,1
279,4,1
279,5,1
280,13,0
280,12,0
280,15,1
280,8,0
280,4,0
280,5,1
281,13,0
281,12,1
281,15,1
281,8,0
281,4,0
281,5,1
282,13,1
282,12,1
282,15,0
282,8,1
282,4,1
282,5,1
283,13,1
283,12,0
283,15,1
283,8,1
283,4,1
283,5,0
284,13,0
284,12,1
284,15,0
284,8,0
284,4,1
284,5,0
285,13,0
285,12,1
285,15,1
285,8,0
285,4,0
285,5,0
286,13,1
286,12,0
286,15,0
286,8,1
286,4,0
286,5,0
287,13,0
287,12,1
287,15,0
287,8,0
287,4,0
287,5,0
288,13,1
288,12,0
288,15,1
288,8,1
288,4,1
288,5,1
289,13,1
289,12,1
289,15,0
289,8,1
289,4,0
289,5,0
290,11,0
290,1,1
290,12,1
290,10,1
290,4,0
291,11,1
291,1,0
291,12,1
291,10,1
291,4,0
292,11,0
292,1,0
292,12,0
292,10,1
292,4,0
293,11,1
293,1,0
293,12,0
293,10,1
293,4,0
294,11,1
294,1,0
294,12,0
294,10,0
294,4,0
295,11,0
295,1,0
295,12,1
295,10,1
295,4,1
296,11,1
296,1,1
296,12,0
296,10,0
296,4,0
297,11,0
297,1,1
297,12,1
297,10,1
297,4,1
298,11,1
298,1,1
298,12,0
298,10,1
298,4,0
299,11,0
299,1,1
299,12,0
299,10,1
299,4,0
300,11,0
300,1,1
300,12,1
300,10,1
300,4,0
301,11,1
301,1,0
301,12,1
301,10,1
301,4,1
302,11,1
302,1,0
302,12,1
302,10,1
302,4,0
303,11,1
303,1,0
303,12,0
303,10,0
303,4,0
304,11,1
304,1,0
304,12,0
304,10,1
304,4,1
305,11,0
305,12,0
305,6,0
305,7,0
305,3,1
305,15,0
306,11,0
306,12,0
306,6,0
306,7,1
306,3,0
306,15,1
307,11,0
307,12,0
307,6,0
307,7,1
307,3,1
307,15,1
308,11,1
308,12,1
308,6,1
308,7,1
308,3,0
308,15,1
309,11,0
309,12,1
309,6,0
309,7,0
309,3,1
309,15,1
310,11,0
310,12,0
310,6,1
310,7,0
310,3,0
310,15,0
311,11,1
311,12,1
311,6,1
311,7,0
311,3,0
311,15,1
312,11,1
312,12,1
312,6,1
312,7,0
312,3,0
312,15,0
313,11,1
313,12,1
313,6,1
313,7,0
313,3,1
313,15,1
314,11,0
314,12,1
314,6,1
314,7,1
314,3,1
314,15,1
315,11,0
315,12,0
315,6,0
315,7,0
315,3,0
315,15,1
316,11,1
316,12,1
316,6,1
316,7,0
316,3,0
316,15,1
317,11,1
317,12,0
317,6,0
317,7,1
317,3,0
317,15,1
318,11,1
318,12,0
318,6,1
318,7,1
318,3,1
318,15,0
319,11,1
319,12,1
319,6,0
319,7,1
319,3,0
319,15,0
320,11,0
320,12,0
320,6,1
320,7,0
320,3,1
320,15,0
321,11,0
321,12,1
321,6,1
321,7,0
321,3,0
321,15,0
322,11,1
322,12,1
322,6,1
322,7,0
322,3,0
322,15,1
323,11,1
323,12,0
323,6,0
323,7,0
323,3,1
323,15,1
324,11,1
324,12,1
324,6,1
324,7,0
324,3,0
324,15,1
325,11,1
325,12,0
325,6,0
325,7,1
325,3,0
325,15,0
326,11,1
326,12,1
326,6,0
326,7,0
326,3,0
326,15,1
327,12,1
327,11,1
327,15,0
327,13,0
327,3,1
328,12,1
328,11,1
328,15,0
328,13,0
328,3,0
329,12,0
329,11,0
329,15,1
329,13,0
329,3,1
330,12,0
330,11,0
330,15,1
330,13,0
330,3,0
331,12,1
331,11,0
331,15,1
331,13,1
331,3,0
332,12,0
332,11,1
332,15,1
332,13,0
332,3,1
333,12,1
333,11,0
333,15,0
333,13,0
333,3,1
334,12,0
334,11,1
334,15,0
334,13,0
334,3,1
335,12,1
335,11,1
335,15,1
335,13,1
335,3,0
336,12,0
336,11,0
336,15,0
336,13,1
336,3,1
337,12,0
337,11,1
337,15,0
337,13,0
337,3,0
338,12,0
338,11,1
338,15,0
338,13,1
338,3,1
339,12,1
339,11,1
339,15,1
339,13,1
339,3,1
340,12,1
340,11,0
340,15,1
340,13,1
340,3,0
341,12,1
341,11,0
341,15,0
341,13,0
341,3,0
342,12,0
342,11,0
342,15,0
342,13,1
342,3,0
343,12,0
343,11,1
343,15,0
343,13,1
343,3,0
344,12,0
344,11,0
344,15,1
344,13,0
344,3,0
345,12,0
345,11,1
345,15,0
345,13,1
345,3,1
346,12,1
346,11,0
346,15,0
346,13,1
346,3,0
347,12,0
347,11,0
347,15,1
347,13,0
347,3,0
348,12,1
348,11,0
348,15,0
348,13,1
348,3,0
349,12,1
349,11,1
349,15,0
349,13,0
349,3,1
350,12,0
350,11,0
350,15,0
350,13,0
350,3,0
351,12,0
351,11,0
351,15,0
351,13,0
351,3,1
352,12,1
352,11,0
352,15,1
352,13,0
352,3,1
353,3,1
353,14,0
353,8,1
353,7,1
353,9,1
353,2,0
354,3,0
354,14,0
354,8,1
354,7,1
354,9,0
354,2,0
355,3,1
355,14,1
355,8,0
355,7,0
355,9,0
355,2,1
356,3,0
356,14,1
356,8,0
356,7,1
356,9,0
356,2,0
357,3,0
357,14,0
357,8,0
357,7,1
357,9,1
357,2,1
358,3,1
358,14,1
358,8,0
358,7,0
358,9,0
358,2,1
359,3,1
359,14,0
359,8,0
359,7,1
359,9,0
359,2,1
360,3,0
360,14,1
360,8,1
360,7,0
360,9,0
360,2,0
361,3,0
361,14,1
361,8,0
361,7,1
361,9,1
361,2,1
362,3,1
362,14,1
362,8,1
362,7,0
362,9,1
362,2,1
363,3,0
363,14,0
363,8,0
363,7,0
363,9,1
363,2,0
364,3,1
364,14,1
364,8,0
364,7,0
364,9,0
364,2,0
365,3,0
365,14,0
365,8,1
365,7,1
365,9,0
365,2,0
366,3,1
366,14,1
366,8,1
366,7,1
366,9,1
366,2,1
367,3,1
367,14,0
367,8,0
367,7,1
367,9,0
367,2,0
368,3,1
368,14,1
368,8,0
368,7,0
368,9,0
368,2,1
369,3,0
369,14,1
369,8,1
369,7,0
369,9,1
369,2,1
370,3,1
370,14,1
370,8,1
370,7,1
370,9,0
370,2,0
371,3,0
371,14,1
371,8,0
371,7,0
371,9,0
371,2,1
372,3,1
372,14,0
372,8,1
372,7,1
372,9,1
372,2,1
373,3,1
373,14,0
373,8,0
373,7,0
373,9,0
373,2,1
374,3,0
374,14,1
374,8,0
374,7,1
374,9,0
374,2,0
375,3,0
375,14,1
375,8,0
375,7,1
375,9,1
375,2,1
376,3,1
376,14,1
376,8,1
376,7,1
376,9,0
376,2,1
377,3,0
377,14,1
377,8,1
377,7,1
377,9,0
377,2,0
378,3,1
378,14,0
378,8,1
378,7,1
378,9,0
378,2,1
379,3,0
379,14,0
379,8,1
379,7,1
379,9,0
379,2,0
380,3,0
380,14,1
380,8,1
380,7,1
380,9,1
380,2,1
381,2,0
381,12,0
381,8,1
381,10,0
381,13,1
382,2,1
382,12,0
382,8,1
382,10,1
382,13,0
383,2,0
383,12,0
383,8,1
383,10,1
383,13,0
384,2,1
384,12,0
384,8,0
384,10,1
384,13,0
385,2,0
385,12,1
385,8,0
385,10,1
385,13,0
386,2,0
386,12,0
386,8,1
386,10,0
386,13,0
387,2,0
387,12,1
387,8,0
387,10,0
387,13,1
388,2,0
388,12,0
388,8,1
388,10,1
388,13,0
389,2,1
389,12,0
389,8,0
389,10,0
389,13,0
390,2,0
390,12,0
390,8,1
390,10,1
390,13,0
391,2,0
391,12,0
391,8,0
391,10,1
391,13,1
392,2,0
392,12,1
392,8,0
392,10,0
392,13,1
393,2,1
393,12,0
393,8,0
393,10,1
393,13,0
394,2,1
394,12,1
394,8,0
394,10,1
394,13,0
395,2,0
395,12,0
395,8,0
395,10,0
395,13,0
396,2,0
396,12,1
396,8,0
396,10,1
396,13,0
397,2,0
397,12,0
397,8,1
397,10,0
397,13,1
398,2,0
398,12,1
398,8,1
398,10,1
398,13,1
399,4,0
399,15,1
399,14,0
399,5,1
399,2,1
399,8,0
400,4,1
400,15,0
400,14,1
400,5,1
400,2,0
400,8,0
401,4,1
401,15,0
401,14,0
401,5,0
401,2,0
401,8,0
402,4,0
402,15,1
402,14,1
402,5,1
402,2,0
402,8,1
403,4,0
403,15,1
403,14,1
403,5,1
403,2,1
403,8,1
404,4,0
404,15,0
404,14,0
404,5,1
404,2,1
404,8,0
405,4,1
405,15,1
405,14,0
405,5,1
405,2,1
405,8,0
406,4,0
406,15,0
406,14,0
406,5,1
406,2,1
406,8,1
407,4,1
407,15,1
407,14,1
407,5,0
407,2,1
407,8,1
408,4,1
408,15,0
408,14,0
408,5,1
408,2,0
408,8,0
409,4,0
409,15,0
409,14,0
409,5,0
409,2,1
409,8,1
410,4,1
410,15,1
410,14,1
410,5,1
410,2,0
410,8,1
411,4,1
411,15,1
411,14,1
411,5,1
411,2,1
411,8,1
412,4,1
412,15,1
412,14,1
412,5,1
412,2,1
412,8,0
413,4,0
413,15,1
413,14,1
413,5,1
413,2,1
413,8,0
414,4,1
414,15,1
414,14,0
414,5,0
414,2,0
414,8,1
415,13,0
415,5,0
415,9,0
415,8,0
415,10,0
416,13,1
416,5,0
416,9,1
416,8,1
416,10,1
417,13,0
417,5,0
417,9,1
417,8,1
417,10,1
418,13,1
418,5,0
418,9,1
418,8,1
418,10,1
419,13,1
419,5,0
419,9,0
419,8,0
419,10,0
420,13,0
420,5,1
420,9,0
420,8,1
420,10,1
421,13,1
421,5,1
421,9,0
421,8,0
421,10,1
422,13,1
422,5,1
422,9,1
422,8,0
422,10,0
423,13,0
423,5,1
423,9,1
423,8,1
423,10,0
424,13,0
424,5,0
424,9,1
424,8,0
424,10,0
425,13,0
425,5,0
425,9,1
425,8,1
425,10,0
426,13,0
426,5,0
426,9,1
426,8,0
426,10,1
427,13,0
427,5,1
427,9,1
427,8,0
427,10,1
428,13,0
428,5,1
428,9,1
428,8,1
428,10,1
429,13,1
429,5,1
429,9,0
429,8,1
429,10,0
430,13,0
430,5,0
430,9,0
430,8,0
430,10,1
431,13,1
431,5,0
431,9,1
431,8,1
431,10,0
432,13,1
432,5,0
432,9,1
432,8,0
432,10,0
433,13,0
433,5,0
433,9,0
433,8,0
433,10,1
434,13,0
434,5,0
434,9,0
434,8,1
434,10,1
435,13,0
435,5,0
435,9,0
435,8,0
435,10,0
436,13,0
436,5,1
436,9,0
436,8,0
436,10,1
437,4,0
437,13,1
437,11,1
437,9,1
437,12,1
437,15,1
438,4,0
438,13,0
438,11,0
438,9,0
438,12,0
438,15,1
439,4,0
439,13,0
439,11,0
439,9,0
439,12,0
439,15,0
440,4,0
440,13,1
440,11,1
440,9,1
440,12,0
440,15,1
441,4,0
441,13,0
441,11,1
441,9,0
441,12,1
441,15,1
442,4,1
442,13,0
442,11,0
442,9,0
442,12,1
442,15,0
443,4,0
443,13,1
443,11,0
443,9,0
443,12,1
443,15,1
444,4,1
444,13,0
444,11,0
444,9,0
444,12,1
444,15,0
445,4,0
445,13,0
445,11,1
445,9,0
445,12,1
445,15,0
446,4,0
446,13,1
446,11,1
446,9,1
446,12,0
446,15,0
447,4,0
447,13,1
447,11,0
447,9,1
447,12,0
447,15,0
448,4,1
448,13,1
448,11,1
448,9,1
448,12,1
448,15,0
449,4,1
449,13,1
449,11,1
449,9,0
449,12,1
449,15,1
450,4,1
450,13,0
450,11,0
450,9,1
450,12,0
450,15,1
451,5,0
451,8,0
451,15,0
451,3,0
451,9,0
451,2,1
452,5,1
452,8,0
452,15,0
452,3,1
452,9,0
452,2,0
453,5,1
453,8,0
453,15,1
453,3,1
453,9,1
453,2,0
454,5,0
454,8,1
454,15,0
454,3,1
454,9,1
454,2,1
455,5,1
455,8,1
455,15,1
455,3,1
455,9,0
455,2,1
456,5,1
456,8,0
456,15,1
456,3,0
456,9,1
456,2,1
457,5,0
457,8,0
457,15,1
457,3,0
457,9,0
457,2,0
458,5,1
458,8,1
458,15,0
458,3,1
458,9,1
458,2,1
459,5,1
459,8,1
459,15,0
459,3,1
459,9,0
459,2,1
460,5,0
460,8,1
460,15,0
460,3,1
460,9,0
460,2,1
461,5,1
461,8,0
461,15,1
461,3,1
461,9,1
461,2,1
462,5,1
462,8,1
462,15,0
462,3,1
462,9,1
462,2,1
463,5,1
463,8,1
463,15,0
463,3,0
463,9,0
463,2,1
464,5,0
464,8,0
464,15,0
464,3,1
464,9,0
464,2,1
465,5,0
465,8,1
465,15,1
465,3,1
465,9,1
465,2,0
466,5,0
466,8,0
466,15,0
466,3,0
466,9,0
466,2,1
467,5,0
467,8,0
467,15,1
467,3,1
467,9,0
467,2,0
468,5,1
468,8,1
468,15,0
468,3,1
468,9,1
468,2,0
469,5,0
469,8,1
469,15,0
469,3,0
469,9,1
469,2,0
470,5,0
470,8,1
470,15,1
470,3,0
470,9,1
470,2,1
471,5,1
471,8,1
471,15,1
471,3,0
471,9,0
471,2,1
472,5,1
472,8,1
472,15,0
472,3,1
472,9,0
472,2,1
473,5,0
473,8,0
473,15,1
473,3,1
473,9,0
473,2,0
474,5,1
474,8,0
474,15,1
474,3,1
474,9,0
474,2,1
475,5,1
475,8,1
475,15,0
475,3,0
475,9,0
475,2,1
476,5,1
476,8,1
476,15,1
476,3,0
476,9,0
476,2,0
477,5,0
477,8,0
477,15,1
477,3,1
477,9,1
477,2,0
478,5,0
478,8,0
478,15,0
478,3,0
478,9,0
478,2,1
479,5,0
479,8,0
479,15,1
479,3,0
479,9,1
479,2,0
480,5,1
480,8,1
480,15,0
480,3,0
480,9,1
480,2,0
481,11,0
481,13,0
481,14,0
481,3,1
481,2,1
481,9,0
482,11,0
482,13,1
482,14,1
482,3,1
482,2,1
482,9,0
483,11,0
483,13,0
483,14,1
483,3,1
483,2,1
483,9,1
484,11,0
484,13,0
484,14,1
484,3,1
484,2,0
484,9,0
485,11,1
485,13,1
485,14,1
485,3,0
485,2,1
485,9,0
486,11,1
486,13,1
486,14,0
486,3,1
486,2,1
486,9,1
487,11,1
487,13,0
487,14,0
487,3,1
487,2,1
487,9,0
488,11,0
488,13,1
488,14,0
488,3,1
488,2,1
488,9,0
489,11,1
489,13,1
489,14,1
489,3,0
489,2,0
489,9,0
490,11,0
490,13,1
490,14,1
490,3,1
490,2,0
490,9,1
491,11,1
491,13,0
491,14,0
491,3,1
491,2,0
491,9,1
492,11,0
492,13,0
492,14,1
492,3,1
492,2,0
492,9,1
493,11,0
493,13,0
493,14,0
493,3,0
493,2,1
493,9,0
494,11,0
494,13,0
494,14,1
494,3,0
494,2,0
494,9,0
495,3,0
495,13,0
495,15,1
495,8,1
495,7,0
495,4,0
496,3,0
496,13,1
496,15,0
496,8,0
496,7,1
496,4,0
497,3,1
497,13,0
497,15,1
497,8,1
497,7,0
497,4,1
498,3,0
498,13,1
498,15,0
498,8,1
498,7,1
498,4,0
499,3,1
499,13,1
499,15,1
499,8,0
499,7,0
499,4,1
500,3,0
500,13,0
500,15,0
500,8,1
500,7,1
500,4,0
501,3,1
501,13,0
501,15,1
501,8,0
501,7,1
501,4,0
502,3,1
502,13,1
502,15,0
502,8,1
502,7,0
502,4,1
503,3,1
503,13,1
503,15,1
503,8,0
503,7,0
503,4,0
504,3,1
504,13,0
504,15,0
504,8,0
504,7,1
504,4,0
505,3,0
505,13,0
505,15,0
505,8,1
505,7,0
505,4,1
506,3,0
506,13,1
506,15,1
506,8,0
506,7,1
506,4,0
507,3,0
507,13,1
507,15,1
507,8,0
507,7,1
507,4,1
508,3,1
508,13,1
508,15,1
508,8,1
508,7,0
508,4,0
509,3,0
509,13,1
509,15,1
509,8,1
509,7,1
509,4,1
510,3,0
510,13,0
510,15,0
510,8,0
510,7,0
510,4,1
511,3,1
511,13,1
511,15,0
511,8,0
511,7,1
511,4,1
512,3,1
512,13,0
512,15,1
512,8,1
512,7,1
512,4,0
513,3,0
513,13,1
513,15,1
513,8,0
513,7,0
513,4,0
514,3,0
514,13,0
514,15,0
514,8,0
514,7,1
514,4,0
515,3,0
515,13,1
515,15,1
515,8,0
515,7,1
515,4,0
516,3,1
516,13,0
516,15,0
516,8,0
516,7,0
516,4,0
517,3,1
517,13,0
517,15,0
517,8,1
517,7,1
517,4,0
518,3,1
518,13,0
518,15,1
518,8,1
518,7,1
518,4,1
519,3,0
519,13,1
519,15,0
519,8,0
519,7,0
519,4,0
520,3,0
520,13,1
520,15,1
520,8,0
520,7,0
520,4,0
521,3,0
521,13,1
521,15,0
521,8,1
521,7,0
521,4,0
522,13,0
522,2,1
522,12,1
522,3,0
522,11,0
523,13,1
523,2,1
523,12,0
523,3,1
523,11,0
524,13,0
524,2,0
524,12,0
524,3,0
524,11,0
525,13,0
525,2,1
525,12,0
525,3,0
525,11,0
526,13,1
526,2,0
526,12,0
526,3,0
526,11,0
527,13,1
527,2,0
527,12,1
527,3,1
527,11,0
528,13,0
528,2,1
528,12,1
528,3,1
528,11,0
529,13,0
529,2,1
529,12,1
529,3,1
529,11,1
530,13,1
530,2,1
530,12,1
530,3,0
530,11,0
531,13,0
531,2,0
531,12,0
531,3,0
531,11,0
532,13,1
532,2,0
532,12,0
532,3,1
532,11,0
533,13,1
533,2,0
533,12,0
533,3,1
533,11,1
534,13,1
534,2,0
534,12,1
534,3,1
534,11,0
535,13,1
535,2,0
535,12,1
535,3,0
535,11,0
536,13,1
536,2,1
536,12,0
536,3,0
536,11,1
537,13,1
537,2,1
537,12,0
537,3,1
537,11,1
538,13,1
538,2,1
538,12,0
538,3,0
538,11,0
539,13,0
539,2,1
539,12,1
539,3,1
539,11,0
540,13,0
540,2,0
540,12,0
540,3,1
540,11,0
541,13,0
541,2,0
541,12,1
541,3,0
541,11,0
542,13,0
542,2,0
542,12,0
542,3,1
542,11,0
543,13,1
543,2,1
543,12,1
543,3,0
543,11,1
544,13,0
544,2,1
544,12,1
544,3,0
544,11,1
545,13,1
545,2,1
545,12,1
545,3,0
545,11,1
546,13,0
546,2,1
546,12,1
546,3,1
546,11,1
547,13,0
547,2,1
547,12,1
547,3,0
547,11,0
548,13,0
548,2,0
548,12,0
548,3,0
548,11,1
549,6,0
549,14,1
549,1,1
549,12,1
549,2,0
549,3,1
550,6,0
550,14,0
550,1,1
550,12,1
550,2,0
550,3,0
551,6,0
551,14,0
551,1,1
551,12,1
551,2,0
551,3,0
552,6,0
552,14,0
552,1,0
552,12,0
552,2,0
552,3,0
553,6,0
553,14,0
553,1,1
553,12,1
553,2,1
553,3,1
554,6,0
554,14,0
554,1,1
554,12,0
554,2,1
554,3,1
555,6,1
555,14,0
555,1,1
555,12,1
555,2,0
555,3,1
556,6,1
556,14,1
556,1,1
556,12,0
556,2,0
556,3,1
557,6,1
557,14,1
557,1,0
557,12,0
557,2,1
557,3,1
558,6,0
558,14,0
558,1,1
558,12,0
558,2,1
558,3,0
559,6,0
559,14,0
559,1,0
559,12,1
559,2,1
559,3,1
560,6,1
560,14,0
560,1,0
560,12,1
560,2,0
560,3,0
561,9,1
561,13,1
561,8,1
561,10,1
561,6,1
562,9,1
562,13,0
562,8,1
562,10,1
562,6,1
563,9,0
563,13,0
563,8,0
563,10,1
563,6,1
564,9,0
564,13,1
564,8,0
564,10,0
564,6,1
565,9,1
565,13,1
565,8,1
565,10,1
565,6,1
566,9,1
566,13,1
566,8,0
566,10,0
566,6,0
567,9,0
567,13,1
567,8,1
567,10,1
567,6,1
568,9,0
568,13,1
568,8,0
568,10,1
568,6,1
569,9,0
569,13,0
569,8,1
569,10,0
569,6,0
570,9,0
570,13,1
570,8,1
570,10,1
570,6,1
571,9,1
571,13,0
571,8,1
571,10,1
571,6,0
572,9,1
572,13,0
572,8,1
572,10,0
572,6,1
573,9,1
573,13,0
573,8,1
573,10,1
573,6,0
574,9,1
574,13,1
574,8,1
574,10,0
574,6,1
575,9,0
575,13,0
575,8,0
575,10,1
575,6,0
576,9,0
576,13,0
576,8,1
576,10,0
576,6,0
577,9,1
577,13,1
577,8,0
577,10,1
577,6,0
578,9,1
578,13,0
578,8,0
578,10,1
578,6,0
579,9,1
579,13,0
579,8,0
579,10,0
579,6,0
580,9,0
580,13,0
580,8,1
580,10,1
580,6,1
581,9,1
581,13,1
581,8,0
581,10,0
581,6,1
582,4,0
582,15,1
582,14,1
582,5,1
582,2,1
582,7,0
583,4,1
583,15,1
583,14,1
583,5,1
583,2,0
583,7,1
584,4,1
584,15,1
584,14,1
584,5,0
584,2,0
584,7,1
585,4,0
585,15,0
585,14,0
585,5,1
585,2,1
585,7,0
586,4,0
586,15,1
586,14,0
586,5,1
586,2,0
586,7,0
587,4,0
587,15,1
587,14,1
587,5,0
587,2,0
587,7,0
588,4,1
588,15,1
588,14,0
588,5,0
588,2,1
588,7,1
589,4,0
589,15,0
589,14,1
589,5,1
589,2,1
589,7,1
590,4,0
590,15,0
590,14,1
590,5,1
590,2,0
590,7,1
591,4,0
591,15,1
591,14,1
591,5,0
591,2,0
591,7,0
592,4,0
592,15,0
592,14,0
592,5,0
592,2,0
592,7,1
593,4,0
593,15,0
593,14,0
593,5,0
593,2,1
593,7,0
594,15,1
594,3,0
594,11,0
594,9,0
594,7,1
594,14,1
595,15,0
595,3,0
595,11,0
595,9,1
595,7,1
595,14,0
596,15,1
596,3,0
596,11,0
596,9,0
596,7,1
596,14,1
597,15,1
597,3,0
597,11,1
597,9,1
597,7,1
597,14,1
598,15,0
598,3,1
598,11,0
598,9,1
598,7,1
598,14,1
599,15,1
599,3,1
599,11,1
599,9,1
599,7,1
599,14,1
600,15,0
600,3,1
600,11,1
600,9,1
600,7,1
600,14,1
601,15,0
601,3,0
601,11,1
601,9,1
601,7,1
601,14,1
602,15,1
602,3,0
602,11,0
602,9,1
602,7,0
602,14,1
603,15,0
603,3,0
603,11,0
603,9,1
603,7,1
603,14,1
604,15,0
604,3,0
604,11,0
604,9,0
604,7,0
604,14,0
605,15,0
605,3,1
605,11,0
605,9,0
605,7,1
605,14,0
606,15,0
606,3,1
606,11,1
606,9,0
606,7,1
606,14,1
607,15,0
607,3,1
607,11,1
607,9,1
607,7,0
607,14,0
608,15,0
608,3,0
608,11,0
608,9,0
608,7,1
608,14,0
609,15,0
609,3,0
609,11,0
609,9,0
609,7,1
609,14,1
610,15,0
610,3,0
610,11,1
610,9,1
610,7,1
610,14,1
611,15,0
611,3,1
611,11,1
611,9,0
611,7,1
611,14,0
612,15,0
612,3,1
612,11,1
612,9,0
612,7,1
612,14,1
613,15,1
613,3,1
613,11,0
613,9,1
613,7,0
613,14,1
614,15,0
614,3,1
614,11,1
614,9,0
614,7,0
614,14,0
615,15,1
615,3,0
615,11,0
615,9,1
615,7,0
615,14,1
616,15,1
616,3,0
616,11,0
616,9,1
616,7,0
616,14,1
617,15,1
617,3,1
617,11,1
617,9,0
617,7,0
617,14,0
618,15,0
618,3,1
618,11,0
618,9,1
618,7,1
618,14,1
619,15,1
619,3,0
619,11,1
619,9,0
619,7,1
619,14,1
620,15,1
620,3,1
620,11,1
620,9,0
620,7,1
620,14,0
621,15,0
621,3,1
621,11,0
621,9,0
621,7,1
621,14,0
622,15,0
622,3,0
622,11,1
622,9,0
622,7,0
622,14,1
623,12,0
623,2,1
623,15,1
623,1,1
623,14,1
624,12,0
624,2,1
624,15,0
624,1,1
624,14,0
625,12,0
625,2,0
625,15,1
625,1,1
625,14,0
626,12,1
626,2,0
626,15,1
626,1,1
626,14,1
627,12,1
627,2,1
627,15,0
627,1,0
627,14,0
628,12,1
628,2,0
628,15,0
628,1,1
628,14,1
629,12,0
629,2,1
629,15,1
629,1,0
629,14,0
630,12,1
630,2,0
630,15,0
630,1,1
630,14,0
631,12,1
631,2,0
631,15,1
631,1,1
631,14,0
632,12,0
632,2,1
632,15,0
632,1,0
632,14,0
633,12,0
633,2,0
633,15,0
633,1,0
633,14,1
634,12,1
634,2,1
634,15,1
634,1,1
634,14,1
635,6,0
635,8,1
635,1,1
635,4,0
635,2,1
635,9,1
636,6,1
636,8,1
636,1,1
636,4,1
636,2,1
636,9,1
637,6,1
637,8,1
637,1,1
637,4,0
637,2,0
637,9,1
638,6,0
638,8,1
638,1,0
638,4,0
638,2,1
638,9,1
639,6,1
639,8,1
639,1,0
639,4,1
639,2,0
639,9,0
640,6,0
640,8,0
640,1,0
640,4,0
640,2,0
640,9,0
641,6,1
641,8,1
641,1,0
641,4,0
641,2,1
641,9,1
642,6,0
642,8,0
642,1,0
642,4,1
642,2,1
642,9,1
643,6,1
643,8,1
643,1,0
643,4,0
643,2,0
643,9,1
644,6,0
644,8,1
644,1,0
644,4,1
644,2,0
644,9,0
645,6,0
645,8,1
645,1,1
645,4,1
645,2,0
645,9,1
646,6,0
646,8,1
646,1,0
646,4,1
646,2,0
646,9,1
647,6,0
647,7,1
647,10,1
647,11,0
647,5,1
648,6,0
648,7,1
648,10,1
648,11,0
648,5,0
649,6,1
649,7,0
649,10,1
649,11,1
649,5,0
650,6,1
650,7,0
650,10,1
650,11,0
650,5,0
651,6,0
651,7,0
651,10,0
651,11,0
651,5,0
652,6,1
652,7,0
652,10,0
652,11,0
652,5,0
653,6,1
653,7,1
653,10,1
653,11,1
653,5,0
654,6,0
654,7,0
654,10,0
654,11,1
654,5,0
655,6,1
655,7,0
655,10,0
655,11,1
655,5,1
656,6,1
656,7,0
656,10,0
656,11,1
656,5,1
657,6,1
657,7,1
657,10,1
657,11,0
657,5,1
658,6,0
658,7,1
658,10,1
658,11,0
658,5,1
659,6,0
659,7,0
659,10,0
659,11,0
659,5,0
660,6,1
660,7,0
660,10,0
660,11,1
660,5,1
661,6,0
661,7,1
661,10,0
661,11,0
661,5,1
662,6,0
662,7,1
662,10,0
662,11,0
662,5,1
663,6,1
663,7,0
663,10,0
663,11,0
663,5,0
664,6,1
664,7,0
664,10,1
664,11,1
664,5,1
665,6,1
665,7,0
665,10,1
665,11,0
665,5,1
666,6,0
666,7,0
666,10,0
666,11,0
666,5,0
667,6,1
667,7,1
667,10,1
667,11,0
667,5,1
668,6,0
668,7,1
668,10,0
668,11,0
668,5,0
669,6,0
669,7,0
669,10,0
669,11,1
669,5,0
670,6,0
670,7,0
670,10,0
670,11,1
670,5,0
671,6,1
671,7,1
671,10,0
671,11,1
671,5,0
672,6,1
672,7,1
672,10,1
672,11,1
672,5,0
673,6,0
673,7,1
673,10,1
673,11,1
673,5,0
674,6,0
674,7,1
674,10,1
674,11,0
674,5,1
675,6,0
675,7,0
675,10,0
675,11,1
675,5,0
676,6,0
676,7,0
676,10,1
676,11,1
676,5,1
677,8,0
677,13,1
677,2,0
677,6,1
677,1,1
677,12,1
678,8,1
678,13,0
678,2,1
678,6,0
678,1,0
678,12,1
679,8,1
679,13,1
679,2,1
679,6,1
679,1,1
679,12,0
680,8,0
680,13,1
680,2,0
680,6,0
680,1,0
680,12,0
681,8,1
681,13,1
681,2,1
681,6,1
681,1,1
681,12,1
682,8,1
682,13,0
682,2,0
682,6,1
682,1,1
682,12,0
683,8,1
683,13,0
683,2,1
683,6,0
683,1,1
683,12,0
684,8,1
684,13,0
684,2,0
684,6,0
684,1,0
684,12,0
685,8,1
685,13,1
685,2,1
685,6,0
685,1,1
685,12,1
686,8,0
686,13,1
686,2,1
686,6,0
686,1,1
686,12,0
687,8,0
687,13,0
687,2,0
687,6,1
687,1,1
687,12,1
688,8,1
688,13,0
688,2,0
688,6,0
688,1,1
688,12,1
689,8,0
689,13,1
689,2,0
689,6,0
689,1,1
689,12,1
690,8,0
690,13,0
690,2,1
690,6,1
690,1,0
690,12,0
691,8,1
691,13,1
691,2,0
691,6,1
691,1,0
691,12,1
692,8,1
692,13,1
692,2,1
692,6,0
692,1,0
692,12,0
693,8,1
693,13,1
693,2,1
693,6,1
693,1,1
693,12,0
694,8,0
694,13,0
694,2,0
694,6,1
694,1,0
694,12,0
695,8,0
695,13,0
695,2,1
695,6,1
695,1,1
695,12,0
696,8,0
696,13,0
696,2,0
696,6,0
696,1,0
696,12,1
697,1,1
697,4,0
697,15,0
697,5,0
697,14,1
698,1,1
698,4,0
698,15,1
698,5,1
698,14,1
699,1,0
699,4,1
699,15,0
699,5,0
699,14,1
700,1,1
700,4,0
700,15,1
700,5,1
700,14,0
701,1,1
701,4,1
701,15,0
701,5,0
701,14,1
702,1,0
702,4,1
702,15,1
702,5,0
702,14,0
703,1,1
703,4,0
703,15,0
703,5,0
703,14,0
704,1,0
704,4,1
704,15,1
704,5,0
704,14,1
705,1,1
705,4,1
705,15,1
705,5,0
705,14,1
706,1,1
706,4,0
706,15,1
706,5,0
706,14,0
707,1,0
707,4,1
707,15,1
707,5,0
707,14,1
708,1,0
708,4,1
708,15,0
708,5,1
708,14,1
709,1,0
709,4,0
709,15,1
709,5,1
709,14,0
710,1,1
710,4,0
710,15,0
710,5,0
710,14,1
711,1,0
711,4,0
711,15,1
711,5,1
711,14,0
712,1,0
712,4,1
712,15,1
712,5,1
712,14,1
713,1,1
713,4,1
713,15,0
713,5,1
713,14,0
714,1,1
714,4,1
714,15,1
714,5,1
714,14,1
715,1,1
715,4,0
715,15,1
715,5,1
715,14,1
716,1,0
716,4,1
716,15,0
716,5,1
716,14,1
717,1,1
717,4,0
717,15,0
717,5,1
717,14,0
718,1,0
718,4,0
718,15,1
718,5,1
718,14,0
719,13,1
719,5,0
719,6,1
719,11,1
719,9,0
720,13,1
720,5,0
720,6,0
720,11,1
720,9,1
721,13,1
721,5,0
721,6,0
721,11,0
721,9,1
722,13,0
722,5,1
722,6,0
722,11,0
722,9,0
723,13,0
723,5,0
723,6,1
723,11,0
723,9,1
724,13,1
724,5,0
724,6,0
724,11,0
724,9,0
725,13,1
725,5,0
725,6,1
725,11,1
725,9,0
726,13,1
726,5,1
726,6,0
726,11,0
726,9,1
727,13,1
727,5,1
727,6,1
727,11,1
727,9,1
728,13,1
728,5,0
728,6,1
728,11,1
728,9,0
729,13,0
729,5,1
729,6,1
729,11,1
729,9,1
730,13,1
730,5,0
730,6,1
730,11,0
730,9,1
731,13,1
731,5,1
731,6,0
731,11,0
731,9,1
732,13,1
732,5,1
732,6,0
732,11,1
732,9,0
733,13,0
733,5,0
733,6,0
733,11,1
733,9,0
734,13,1
734,5,1
734,6,1
734,11,0
734,9,1
735,13,1
735,5,0
735,6,0
735,11,0
735,9,1
736,13,0
736,5,0
736,6,0
736,11,1
736,9,1
737,13,1
737,5,0
737,6,1
737,11,0
737,9,0
738,13,1
738,5,1
738,6,1
738,11,0
738,9,1
739,13,1
739,5,1
739,6,0
739,11,0
739,9,1
740,13,1
740,5,1
740,6,0
740,11,0
740,9,1
741,13,1
741,5,1
741,6,0
741,11,0
741,9,1
742,13,1
742,5,0
742,6,1
742,11,1
742,9,0
743,13,0
743,5,0
743,6,1
743,11,0
743,9,0
744,10,1
744,9,1
744,2,0
744,11,0
744,4,0
745,10,1
745,9,1
745,2,1
745,11,0
745,4,0
746,10,0
746,9,1
746,2,1
746,11,0
746,4,0
747,10,1
747,9,1
747,2,0
747,11,1
747,4,1
748,10,0
748,9,0
748,2,1
748,11,1
748,4,1
749,10,1
749,9,0
749,2,1
749,11,1
749,4,1
750,10,1
750,9,1
750,2,1
750,11,1
750,4,0
751,10,1
751,9,0
751,2,0
751,11,1
751,4,1
752,10,0
752,9,1
752,2,1
752,11,0
752,4,1
753,10,1
753,9,1
753,2,1
753,11,0
753,4,1
754,10,0
754,9,0
754,2,0
754,11,1
754,4,1
755,10,1
755,9,1
755,2,0
755,11,1
755,4,1
756,10,0
756,9,0
756,2,0
756,11,1
756,4,1
757,10,0
757,9,1
757,2,0
757,11,1
757,4,1
758,10,0
758,9,1
758,2,1
758,11,0
758,4,1
759,10,0
759,9,1
759,2,1
759,11,0
759,4,0
760,10,1
760,9,0
760,2,0
760,11,0
760,4,1
761,10,1
761,9,0
761,2,1
761,11,0
761,4,1
762,10,0
762,9,1
762,2,0
762,11,0
762,4,0
763,3,0
763,1,1
763,2,0
763,11,1
763,13,0
763,9,0
764,3,1
764,1,1
764,2,0
764,11,1
764,13,0
764,9,0
765,3,1
765,1,1
765,2,1
765,11,0
765,13,0
765,9,0
766,3,1
766,1,1
766,2,1
766,11,0
766,13,0
766,9,0
767,3,1
767,1,1
767,2,1
767,11,0
767,13,0
767,9,0
768,3,1
768,1,1
768,2,0
768,11,0
768,13,0
768,9,1
769,3,1
769,1,1
769,2,1
769,11,1
769,13,0
769,9,0
770,3,1
770,1,0
770,2,0
770,11,0
770,13,1
770,9,1
771,3,0
771,1,0
771,2,0
771,11,1
771,13,0
771,9,0
772,3,0
772,1,0
772,2,1
772,11,1
772,13,1
772,9,1
773,3,0
773,1,1
773,2,0
773,11,1
773,13,1
773,9,0
774,3,1
774,1,0
774,2,1
774,11,1
774,13,0
774,9,0
775,3,1
775,1,1
775,2,0
775,11,1
775,13,1
775,9,1
776,3,1
776,1,1
776,2,0
776,11,0
776,13,1
776,9,0
777,3,0
777,1,0
777,2,1
777,11,0
777,13,1
777,9,0
778,3,0
778,1,0
778,2,1
778,11,1
778,13,1
778,9,1
779,14,1
779,9,0
779,15,1
779,13,0
779,10,1
779,11,0
780,14,0
780,9,0
780,15,0
780,13,0
780,10,1
780,11,1
781,14,1
781,9,0
781,15,0
781,13,1
781,10,0
781,11,0
782,14,1
782,9,1
782,15,1
782,13,1
782,10,0
782,11,0
783,14,0
783,9,0
783,15,0
783,13,0
783,10,0
783,11,0
784,14,0
784,9,1
784,15,1
784,13,0
784,10,0
784,11,0
785,14,1
785,9,0
785,15,1
785,13,1
785,10,1
785,11,0
786,14,1
786,9,0
786,15,0
786,13,0
786,10,1
786,11,1
787,14,1
787,9,1
787,15,0
787,13,0
787,10,1
787,11,0
788,14,1
788,9,0
788,15,1
788,13,0
788,10,0
788,11,0
789,14,0
789,9,0
789,15,0
789,13,0
789,10,1
789,11,1
790,14,0
790,9,0
790,15,1
790,13,0
790,10,1
790,11,1
791,14,1
791,9,0
791,15,0
791,13,1
791,10,1
791,11,1
792,14,1
792,9,1
792,15,1
792,13,0
792,10,0
792,11,0
793,14,0
793,9,1
793,15,1
793,13,0
793,10,0
793,11,1
794,14,1
794,9,0
794,15,0
794,13,1
794,10,1
794,11,0
795,14,0
795,9,0
795,15,0
795,13,0
795,10,1
795,11,1
796,14,1
796,9,1
796,15,1
796,13,0
796,10,1
796,11,0
797,14,1
797,9,0
797,15,1
797,13,1
797,10,1
797,11,0
798,14,1
798,9,1
798,15,1
798,13,0
798,10,1
798,11,0
